{"plane": [0.1000100010001, 0.48525641025641025, 0.5154494382022472, 0.5346607669616519, 0.5505359877488515, 0.5608798114689709, 0.5667202572347267, 0.5733005733005733, 0.5768911055694098, 0.5809443507588533, 0.5843270868824532, 0.5885911840968021, 0.5933098591549296, 0.5971479500891266, 0.6007194244604317, 0.6027272727272728, 0.6086556169429097, 0.6115241635687733, 0.6130841121495327, 0.6160377358490566, 0.6176470588235294, 0.6195965417867435, 0.623666343355965, 0.625, 0.6270853778213935, 0.6295566502463055, 0.6308457711442786, 0.6312625250501002, 0.6340725806451613, 0.6348884381338742, 0.6358087487283826, 0.6416837782340863, 0.6415289256198347, 0.6440501043841336, 0.6487341772151899, 0.6507936507936508, 0.6545842217484008, 0.6552094522019334, 0.6551724137931034, 0.6555075593952484, 0.6561822125813449, 0.6568627450980392, 0.6571741511500547, 0.6578947368421053, 0.6578657865786579, 0.6603982300884956, 0.6614872364039955, 0.6607142857142857, 0.6636670416197975, 0.6670441676104191, 0.6693363844393593, 0.6697459584295612, 0.6709154113557358, 0.6717112922002328, 0.6721120186697783, 0.6733254994124559, 0.6757075471698113, 0.67497034400949, 0.6741973840665874, 0.6754176610978521, 0.6766467065868264, 0.6770708283313326, 0.678743961352657, 0.6812121212121212, 0.6820388349514563, 0.6833130328867235, 0.6850490196078431, 0.6864197530864198, 0.6864197530864198, 0.6890547263681592, 0.6895261845386533, 0.6922110552763819, 0.6958174904942965, 0.6947637292464879, 0.694980694980695, 0.6950904392764858, 0.6949152542372882, 0.6950261780104712, 0.6964520367936925, 0.6984126984126984, 0.6986666666666667, 0.7027027027027027, 0.7013698630136986, 0.7028885832187071, 0.7040110650069157, 0.704323570432357, 0.7056338028169014, 0.7081545064377682, 0.7126269956458636, 0.7153392330383481, 0.7179104477611941, 0.7232415902140673, 0.7262830482115086, 0.7333333333333333, 0.7359098228663447, 0.7412935323383084, 0.7461669505962522, 0.7473118279569892, 0.7537878787878788, 0.7638603696098563], "car": [0.1000100010001, 0.4814385150812065, 0.503125, 0.5136186770428015, 0.5252185608607935, 0.5342087076710436, 0.5428167020523709, 0.5500725689404935, 0.5544117647058824, 0.5581222056631893, 0.5616541353383459, 0.5650190114068441, 0.5707692307692308, 0.5722007722007721, 0.5759937646141855, 0.5790715971675846, 0.5800316957210776, 0.5852682145716573, 0.5864297253634895, 0.5897644191714053, 0.5931091058244463, 0.5937241948802643, 0.5940347970173985, 0.596652719665272, 0.5978169605373636, 0.6, 0.6, 0.601027397260274, 0.6039689387402933, 0.6053772766695577, 0.6085440278988666, 0.6112084063047285, 0.611062335381914, 0.6121908127208481, 0.614019520851819, 0.6144256455921638, 0.6159355416293644, 0.6166965888689407, 0.6171171171171171, 0.6184448462929476, 0.6186594202898551, 0.6211293260473588, 0.6228310502283105, 0.6238532110091743, 0.6267281105990783, 0.6295264623955432, 0.6323666978484564, 0.6332082551594747, 0.6349952963311383, 0.6358490566037736, 0.6360189573459716, 0.638095238095238, 0.6417624521072797, 0.6416184971098265, 0.642512077294686, 0.6430649854510184, 0.6458536585365854, 0.6499508357915438, 0.6521308225966304, 0.6521308225966304, 0.6527777777777778, 0.6530408773678963, 0.654, 0.6546184738955824, 0.65625, 0.6545086119554204, 0.6558044806517311, 0.6564729867482161, 0.6571136131013307, 0.6598150051387461, 0.6614906832298136, 0.6614906832298136, 0.6614420062695925, 0.6614255765199162, 0.6642027455121436, 0.6659574468085107, 0.6691648822269807, 0.6702702702702703, 0.6713665943600867, 0.6743169398907104, 0.6765676567656765, 0.6758544652701213, 0.6759156492785794, 0.6770601336302895, 0.679372197309417, 0.6837315130830489, 0.6872852233676976, 0.6928406466512702, 0.6939252336448598, 0.6965761511216056, 0.7048192771084337, 0.707673568818514, 0.7146401985111662, 0.7173366834170855, 0.7225806451612903, 0.7270341207349081, 0.7354925775978407, 0.7535211267605634, 0.767511177347243, 0.779050736497545], "bird": [0.10017028949213663, 0.25, 0.0, 1.0, 1.0, 1.0, 1.0, 1.0, 1.0, 1.0, 1.0, 1.0, 1.0, 1.0, 1.0, 1.0, 1.0, 1.0, 1.0, 1.0, 1.0, 1.0, 1.0, 1.0, 1.0, 1.0, 1.0, 1.0, 1.0, 1.0, 1.0, 1.0, 1.0, 1.0, 1.0, 1.0, 1.0, 1.0, 1.0, 1.0, 1.0, 1.0, 1.0, 1.0, 1.0, 1.0, 1.0, 1.0, 1.0, 1.0, 1.0, 1.0, 1.0, 1.0, 1.0, 1.0, 1.0, 1.0, 1.0, 1.0, 1.0, 1.0, 1.0, 1.0, 1.0, 1.0, 1.0, 1.0, 1.0, 1.0, 1.0, 1.0, 1.0, 1.0, 1.0, 1.0, 1.0, 1.0, 1.0, 1.0, 1.0, 1.0, 1.0, 1.0, 1.0, 1.0, 1.0, 1.0, 1.0, 1.0, 1.0, 1.0, 1.0, 1.0, 1.0, 1.0, 1.0, 1.0, 1.0, 1.0], "cat": [0.100080064051241, 0.24289245982694685, 0.2560483870967742, 0.26455026455026454, 0.2711488732914666, 0.27460743010340866, 0.2795445622300746, 0.2843963096670678, 0.2865928659286593, 0.290146750524109, 0.29180887372013653, 0.29406669553919446, 0.29452954048140045, 0.2972972972972973, 0.2996406109613657, 0.30131998179335456, 0.3028201571890892, 0.3044289044289044, 0.3058046248230297, 0.30685061845861084, 0.3078770413064361, 0.30955846676370696, 0.31170108161258603, 0.3141570785392696, 0.3146747352496218, 0.314852492370295, 0.3162217659137577, 0.31896103896103895, 0.31989528795811517, 0.32101372756071805, 0.32148541114058354, 0.32104700854700857, 0.3208154506437768, 0.3201943844492441, 0.3211758301578661, 0.32164383561643833, 0.32409972299168976, 0.3247480403135498, 0.3248730964467005, 0.3272519954389966, 0.327972429638139, 0.329091960670908, 0.33196960841613093, 0.3337257210123602, 0.3341232227488152, 0.3355263157894737, 0.33554216867469877, 0.33515151515151514, 0.3378295524218271, 0.33867982726711904, 0.33975155279503105, 0.34021263289555975, 0.34026465028355385, 0.33991088478676, 0.3403846153846154, 0.3423772609819121, 0.3448275862068966, 0.34554973821989526, 0.34475939353988133, 0.34418604651162793, 0.34496644295302015, 0.3457123565158677, 0.34738273283480625, 0.3474982864976011, 0.35065835065835066, 0.3528591352859135, 0.35492957746478876, 0.35394456289978676, 0.35550786838340487, 0.3574007220216607, 0.3588621444201313, 0.36014760147601477, 0.3602391629297459, 0.36205593348450493, 0.3602437166793602, 0.3611111111111111, 0.36180124223602483, 0.3631372549019608, 0.3647898493259318, 0.3675282714054927, 0.36885245901639346, 0.3694214876033058, 0.37174095878889823, 0.3740392826643894, 0.3791304347826087, 0.37764084507042256, 0.381294964028777, 0.3850415512465374, 0.39072847682119205, 0.3910939012584705, 0.39544103072348863, 0.39918533604887985, 0.4, 0.4013230429988975, 0.40484429065743943, 0.41362530413625304, 0.41611624834874505, 0.4230769230769231, 0.43686006825938567, 0.47334754797441364],