{"plane": [0.1000100010001, 0.3433208489388265, 0.36261261261261263, 0.3738886289190454, 0.3834622823984526, 0.3904856293359762, 0.3960446247464503, 0.40144478844169246, 0.4055468341182627, 0.41007957559681696, 0.41321869962385815, 0.41653072321914086, 0.4204733076499725, 0.42420877290394227, 0.4267337807606264, 0.4276056338028169, 0.42970521541950113, 0.430945558739255, 0.43262001156738, 0.43506115317414096, 0.43567251461988304, 0.4368761009982384, 0.43864848844101956, 0.44066785927251045, 0.4411237298266587, 0.44184652278177455, 0.4433734939759036, 0.44417622208811103, 0.4452510586811857, 0.44768856447688565, 0.4481707317073171, 0.4491421568627451, 0.45067817509247843, 0.4533582089552239, 0.45585472761427676, 0.4569453174104337, 0.457991156032849, 0.4600253807106599, 0.46026700572155116, 0.4610472541507024, 0.4615877080665813, 0.4630225080385852, 0.46377749029754206, 0.46771037181996084, 0.46797385620915033, 0.46981627296587924, 0.47128712871287126, 0.47253474520185307, 0.4740691489361702, 0.47463284379172227, 0.4755197853789403, 0.4761264290517821, 0.4779959377115775, 0.4786440677966102, 0.47991831177671884, 0.4811772758384668, 0.48282967032967034, 0.48382656572608396, 0.4871616932685635, 0.48782185107863607, 0.48846960167714887, 0.4905130007027407, 0.4939759036144578, 0.4943019943019943, 0.49534717251252686, 0.49676956209619527, 0.4978386167146974, 0.5003625815808557, 0.5018261504747992, 0.5029325513196481, 0.5044117647058823, 0.5081845238095238, 0.5097159940209267, 0.5100972326103216, 0.5124340617935192, 0.5132475397426193, 0.5140257771038665, 0.5148514851485149, 0.5164498852333589, 0.5184331797235023, 0.5201550387596899, 0.5222135619641465, 0.5251968503937008, 0.5257323832145685, 0.5290836653386454, 0.532634971796938, 0.5358306188925082, 0.5381460213289582, 0.5408079142621599, 0.5437864887406172, 0.5454545454545454, 0.5516652433817251, 0.5557476231633535, 0.5594405594405595, 0.5632183908045977, 0.5636200716845878, 0.5690759377859104, 0.5694050991501416, 0.5763546798029556, 0.6014877789585548], "car": [0.10011012113324658, 0.4159806295399516, 0.4315033350436121, 0.4420941300898995, 0.4490238611713666, 0.4568725653867557, 0.46271186440677964, 0.464, 0.4668205424120023, 0.47113702623906706, 0.4774881516587678, 0.4797377830750894, 0.4822182037371911, 0.48477466504263095, 0.4868017188459177, 0.4898085237801112, 0.4903546981953951, 0.491875, 0.4937106918238994, 0.49401386263390046, 0.4952561669829222, 0.49745547073791346, 0.4984025559105431, 0.5003207184092366, 0.5022566086395873, 0.5025906735751295, 0.5039011703511054, 0.503921568627451, 0.5059055118110236, 0.5062458908612755, 0.5072559366754618, 0.5079470198675496, 0.5096602265156562, 0.5103540414161657, 0.5107238605898123, 0.5121621621621621, 0.5138983050847458, 0.5167235494880547, 0.5174777244688142, 0.5185694635488308, 0.5193637621023514, 0.5211658570437196, 0.5218902015288395, 0.5237099023709902, 0.5237762237762238, 0.5242105263157895, 0.5242445537596627, 0.5246826516220028, 0.5269503546099291, 0.5281539558089807, 0.5304223335719399, 0.5308464849354376, 0.5312724658519051, 0.5340086830680174, 0.534833091436865, 0.5356622998544396, 0.5377289377289377, 0.5378955114054452, 0.5388026607538803, 0.5404002965159377, 0.5397178916109874, 0.5397769516728624, 0.5402384500745157, 0.540641312453393, 0.5418535127055306, 0.5426646706586826, 0.5439519158527423, 0.5473126419379258, 0.5463525835866262, 0.5476009139375476, 0.5490045941807045, 0.5521235521235521, 0.5530596436870643, 0.554001554001554, 0.5549493374902572, 0.5564263322884012, 0.5592417061611374, 0.5606661379857256, 0.5624502784407319, 0.564, 0.5662358642972536, 0.5685320356853204, 0.5723630417007359, 0.5731907894736842, 0.5752066115702479, 0.5754795663052544, 0.57996632996633, 0.5819881053525914, 0.5847602739726028, 0.5867126833477135, 0.5911072362685266, 0.594547053649956, 0.5982222222222222, 0.6032461677186655, 0.6065573770491803, 0.6116774791473587, 0.6184586108468125, 0.6261127596439169, 0.6356107660455487, 0.6607538802660754], "bird": [0.10029084344599339, 0.06666666666666667, 0.0, 1.0, 1.0, 1.0, 1.0, 1.0, 1.0, 1.0, 1.0, 1.0, 1.0, 1.0, 1.0, 1.0, 1.0, 1.0, 1.0, 1.0, 1.0, 1.0, 1.0, 1.0, 1.0, 1.0, 1.0, 1.0, 1.0, 1.0, 1.0, 1.0, 1.0, 1.0, 1.0, 1.0, 1.0, 1.0, 1.0, 1.0, 1.0, 1.0, 1.0, 1.0, 1.0, 1.0, 1.0, 1.0, 1.0, 1.0, 1.0, 1.0, 1.0, 1.0, 1.0, 1.0, 1.0, 1.0, 1.0, 1.0, 1.0, 1.0, 1.0, 1.0, 1.0, 1.0, 1.0, 1.0, 1.0, 1.0, 1.0, 1.0, 1.0, 1.0, 1.0, 1.0, 1.0, 1.0, 1.0, 1.0, 1.0, 1.0, 1.0, 1.0, 1.0, 1.0, 1.0, 1.0, 1.0, 1.0, 1.0, 1.0, 1.0, 1.0, 1.0, 1.0, 1.0, 1.0, 1.0, 1.0], "cat": [0.100150225338007, 0.3197399527186761, 0.3367416496250852, 0.3431372549019608, 0.34938775510204084, 0.35658238884045335, 0.3650503202195791, 0.3681687440076702, 0.37162837162837165, 0.3788501026694045, 0.3818565400843882, 0.3833693304535637, 0.38870431893687707, 0.39184597961494905, 0.39075144508670523, 0.3941176470588235, 0.3949579831932773, 0.3973105134474328, 0.40024783147459725, 0.40152477763659467, 0.4057217165149545, 0.4074074074074074, 0.4099462365591398, 0.4095238095238095, 0.41388888888888886, 0.4133522727272727, 0.4153400868306802, 0.4155653450807636, 0.4122938530734633, 0.4140030441400304, 0.4142194744976816, 0.4175824175824176, 0.42105263157894735, 0.4237012987012987, 0.423841059602649, 0.42642140468227424, 0.42346938775510207, 0.4261168384879725, 0.42782608695652175, 0.42579505300353354, 0.43010752688172044, 0.4329710144927536, 0.43462246777163904, 0.4344569288389513, 0.4356060606060606, 0.4367816091954023, 0.4362934362934363, 0.43339960238568587, 0.43548387096774194, 0.43737166324435317, 0.4363256784968685, 0.4406779661016949, 0.4423076923076923, 0.44782608695652176, 0.4461538461538462, 0.44766146993318484, 0.44742729306487694, 0.44495412844036697, 0.4428904428904429, 0.44630071599045346, 0.44525547445255476, 0.44801980198019803, 0.4506329113924051, 0.45268542199488493, 0.4512820512820513, 0.4476439790575916, 0.4582210242587601, 0.4604904632152589, 0.4626038781163435, 0.4632768361581921, 0.46551724137931033, 0.46920821114369504, 0.46546546546546547, 0.4634146341463415, 0.46105919003115264, 0.46006389776357826, 0.46534653465346537, 0.46938775510204084, 0.4724137931034483, 0.479020979020979, 0.48736462093862815, 0.4907749077490775, 0.5, 0.504, 0.5122950819672131, 0.5168067226890757, 0.5087719298245614, 0.509090909090909, 0.5242718446601942, 0.5384615384615384, 0.5376344086021505, 0.5469613259668509, 0.536144578313253, 0.53125, 0.5172413793103449, 0.5193798449612403, 0.5470085470085471, 0.5567010309278351, 0.5443037974683544, 0.5714285714285714],