{"plane": [0.1000100010001, 0.5545064377682404, 0.5732838589981447, 0.5943579766536965, 0.6021934197407777, 0.610655737704918, 0.6166666666666667, 0.6185458377239199, 0.6208378088077336, 0.6256800870511425, 0.6263736263736264, 0.6304106548279689, 0.6326987681970885, 0.6321709786276716, 0.6356413166855845, 0.6361556064073226, 0.6369942196531792, 0.6380510440835266, 0.640279394644936, 0.6405152224824356, 0.6419316843345112, 0.6453143534994069, 0.6455847255369929, 0.6451612903225806, 0.6470588235294118, 0.648910411622276, 0.6524390243902439, 0.653610771113831, 0.655980271270037, 0.6608695652173913, 0.6616541353383458, 0.6608040201005025, 0.6599241466498104, 0.6632782719186785, 0.6628498727735369, 0.6645408163265306, 0.6641025641025641, 0.6649484536082474, 0.6666666666666666, 0.6662337662337663, 0.6666666666666666, 0.6697247706422018, 0.6701708278580815, 0.6723910171730515, 0.671523178807947, 0.6742323097463284, 0.6751677852348993, 0.6774628879892037, 0.6775510204081633, 0.6784741144414169, 0.679890560875513, 0.679945054945055, 0.6804407713498623, 0.6800554016620498, 0.6787204450625869, 0.6787204450625869, 0.6815642458100558, 0.6811188811188811, 0.6811797752808989, 0.6812411847672779, 0.6822033898305084, 0.6822695035460993, 0.6833095577746077, 0.6857962697274032, 0.6853448275862069, 0.6868686868686869, 0.6884057971014492, 0.6920821114369502, 0.6921944035346097, 0.6948148148148148, 0.6949404761904762, 0.6955223880597015, 0.6951951951951952, 0.6968325791855203, 0.6996951219512195, 0.6998468606431854, 0.7026194144838213, 0.7049689440993789, 0.7057902973395931, 0.7075471698113207, 0.7109004739336493, 0.7133757961783439, 0.7131410256410257, 0.715670436187399, 0.7177814029363785, 0.7180327868852459, 0.71875, 0.7194719471947195, 0.7218543046357616, 0.7219430485762144, 0.7195945945945946, 0.7186440677966102, 0.7258620689655172, 0.7253521126760564, 0.7262969588550984, 0.728440366972477, 0.7354596622889306, 0.73828125, 0.745417515274949, 0.7473002159827213], "car": [0.100080064051241, 0.4522776572668113, 0.46780626780626783, 0.4805194805194805, 0.48942598187311176, 0.49231714812538413, 0.49781931464174456, 0.5025284450063211, 0.507367072389494, 0.5123376623376623, 0.5147540983606558, 0.5175380542686963, 0.5186666666666667, 0.5201072386058981, 0.5201612903225806, 0.5216216216216216, 0.5237449118046132, 0.5270362765229295, 0.5296143250688705, 0.5304287690179806, 0.5319444444444444, 0.534217877094972, 0.5365168539325843, 0.5384073291050036, 0.5392781316348195, 0.5397727272727273, 0.5424696645253391, 0.5444763271162123, 0.5445402298850575, 0.5468975468975469, 0.5473608098336948, 0.548621190130624, 0.5502915451895044, 0.5523809523809524, 0.553269654665687, 0.5553914327917282, 0.5558845299777943, 0.5552260934025204, 0.5553080920564217, 0.5553903345724907, 0.5568011958146487, 0.5572176514584891, 0.5593093093093093, 0.5610859728506787, 0.5619335347432024, 0.5627836611195158, 0.5644916540212443, 0.5644916540212443, 0.5679389312977099, 0.5683728036669213, 0.5709900230237912, 0.5716486902927581, 0.5726429675425039, 0.5728682170542636, 0.5738724727838258, 0.5754495699765442, 0.5764705882352941, 0.5762578616352201, 0.5763779527559055, 0.5768321513002365, 0.5769534333070244, 0.5766192733017378, 0.5775316455696202, 0.5775316455696202, 0.5790309769658459, 0.5791567223548131, 0.5794094173982443, 0.5805934242181235, 0.582461786001609, 0.5840064620355412, 0.5847526358475263, 0.5852272727272727, 0.5874183006535948, 0.5886699507389163, 0.5891536565324569, 0.5901234567901235, 0.5915492957746479, 0.5934891485809682, 0.5936454849498328, 0.5944584382871536, 0.5966244725738397, 0.5988125530110263, 0.6029035012809565, 0.6032562125107113, 0.6049913941480206, 0.606926406926407, 0.6101398601398601, 0.6101843722563652, 0.6109154929577465, 0.6123893805309735, 0.6140819964349377, 0.6157989228007181, 0.6194368755676658, 0.6230414746543779, 0.6255835667600373, 0.6312796208530805, 0.6368015414258189, 0.6475814412635735, 0.6628982528263104, 0.6786885245901639], "bird": [0.10002000400080016, 0.2, 0.0, 1.0, 1.0, 1.0, 1.0, 1.0, 1.0, 1.0, 1.0, 1.0, 1.0, 1.0, 1.0, 1.0, 1.0, 1.0, 1.0, 1.0, 1.0, 1.0, 1.0, 1.0, 1.0, 1.0, 1.0, 1.0, 1.0, 1.0, 1.0, 1.0, 1.0, 1.0, 1.0, 1.0, 1.0, 1.0, 1.0, 1.0, 1.0, 1.0, 1.0, 1.0, 1.0, 1.0, 1.0, 1.0, 1.0, 1.0, 1.0, 1.0, 1.0, 1.0, 1.0, 1.0, 1.0, 1.0, 1.0, 1.0, 1.0, 1.0, 1.0, 1.0, 1.0, 1.0, 1.0, 1.0, 1.0, 1.0, 1.0, 1.0, 1.0, 1.0, 1.0, 1.0, 1.0, 1.0, 1.0, 1.0, 1.0, 1.0, 1.0, 1.0, 1.0, 1.0, 1.0, 1.0, 1.0, 1.0, 1.0, 1.0, 1.0, 1.0, 1.0, 1.0, 1.0, 1.0, 1.0, 1.0], "cat": [0.1, 0.2541899441340782, 0.2715654952076677, 0.2785996055226824, 0.2803347280334728, 0.2844638949671772, 0.28815489749430523, 0.2944281524926686, 0.29866989117291415, 0.30080296479308216, 0.3027232425585814, 0.3060428849902534, 0.30687830687830686, 0.3063973063973064, 0.30705962988348184, 0.30962343096234307, 0.3099787685774947, 0.310567936736161, 0.31332357247437775, 0.31398809523809523, 0.31348907309721175, 0.3127383676582761, 0.3140432098765432, 0.312792511700468, 0.3138339920948617, 0.31275060144346434, 0.31280388978930307, 0.3131643499591169, 0.3134822167080232, 0.3132832080200501, 0.3109600679694138, 0.31411359724612736, 0.3162020905923345, 0.31782265144863914, 0.3173758865248227, 0.3210431654676259, 0.3242506811989101, 0.325068870523416, 0.3262279888785913, 0.3246024321796071, 0.32604562737642584, 0.3275862068965517, 0.32657004830917874, 0.32713026444662097, 0.32936507936507936, 0.3293172690763052, 0.32861476238624876, 0.3295803480040942, 0.3319587628865979, 0.331945889698231, 0.33403361344537813, 0.3357972544878564, 0.3322615219721329, 0.3344191096634093, 0.33406352683461116, 0.3359288097886541, 0.33557046979865773, 0.3344632768361582, 0.3352402745995423, 0.33912037037037035, 0.3380281690140845, 0.3396901072705602, 0.3414043583535109, 0.34306569343065696, 0.34478527607361964, 0.34918648310387984, 0.34987277353689566, 0.3525641025641026, 0.3540856031128405, 0.3575197889182058, 0.3582887700534759, 0.3604336043360434, 0.36164383561643837, 0.359612724757953, 0.3638928067700987, 0.3653295128939828, 0.36988304093567254, 0.37444279346210996, 0.3751891074130106, 0.3763440860215054, 0.3790951638065523, 0.37936507936507935, 0.38349514563106796, 0.38294314381270905, 0.3847457627118644, 0.38408304498269896, 0.38488576449912126, 0.3862815884476534, 0.38733705772811916, 0.3896353166986564, 0.3865877712031558, 0.3790983606557377, 0.3717391304347826, 0.3770491803278688, 0.37530864197530867, 0.3740053050397878, 0.3713450292397661, 0.39285714285714285, 0.4069767441860465, 0.42391304347826086],