{"plane": [0.1000100010001, 0.5354330708661418, 0.5504201680672269, 0.5598958333333334, 0.5671378091872792, 0.5741239892183289, 0.5797629899726527, 0.5835641735918744, 0.5848880597014925, 0.5864661654135338, 0.5875118259224219, 0.5887404580152672, 0.5911708253358925, 0.5911282545805208, 0.5932038834951456, 0.5955165692007798, 0.5958904109589042, 0.5962671905697446, 0.5978260869565217, 0.5998003992015968, 0.6018145161290323, 0.6024340770791075, 0.6024464831804281, 0.6034836065573771, 0.605344295991778, 0.6065911431513903, 0.6080661840744571, 0.6093264248704663, 0.6105919003115264, 0.6131386861313869, 0.6123301985370951, 0.612565445026178, 0.6138509968520461, 0.6134453781512605, 0.6143308746048473, 0.6152219873150105, 0.6157112526539278, 0.6172707889125799, 0.6177730192719486, 0.6184351554126474, 0.6182795698924731, 0.6202804746494067, 0.6216216216216216, 0.6208017334777898, 0.6228260869565218, 0.624315443592552, 0.6259625962596259, 0.6265193370165746, 0.6266666666666667, 0.6283482142857143, 0.6289237668161435, 0.6296296296296297, 0.6292134831460674, 0.6302142051860203, 0.6297968397291196, 0.6300904977375565, 0.6295454545454545, 0.6309794988610479, 0.6308571428571429, 0.632183908045977, 0.6354166666666666, 0.6349942062572422, 0.6367869615832363, 0.6366822429906542, 0.6384976525821596, 0.6394799054373522, 0.6390532544378699, 0.638525564803805, 0.639618138424821, 0.6410564225690276, 0.6408706166868199, 0.6463414634146342, 0.6479217603911981, 0.6478527607361964, 0.6469864698646987, 0.6497524752475248, 0.6492537313432836, 0.6508135168961201, 0.6511335012594458, 0.6514575411913816, 0.6521739130434783, 0.6546854942233633, 0.6533505154639175, 0.6545924967658473, 0.6558018252933507, 0.657516339869281, 0.6618421052631579, 0.6613756613756614, 0.6635514018691588, 0.6639892904953146, 0.6648648648648648, 0.6648648648648648, 0.669849931787176, 0.6707988980716253, 0.6759388038942976, 0.6785206258890469, 0.6816860465116279, 0.6808823529411765, 0.6972477064220184, 0.7053140096618358], "car": [0.10022048506714773, 0.633788037775446, 0.6550951847704367, 0.6639629200463499, 0.6678486997635934, 0.6727053140096618, 0.6780487804878049, 0.6835599505562423, 0.6846733668341709, 0.6874205844980941, 0.6888604353393086, 0.6885456885456885, 0.6940104166666666, 0.6920052424639581, 0.6948480845442536, 0.695364238410596, 0.6955941255006676, 0.6977058029689609, 0.6989100817438693, 0.6995884773662552, 0.7002762430939227, 0.7031900138696255, 0.704323570432357, 0.7058823529411765, 0.7070422535211267, 0.7078014184397163, 0.7094017094017094, 0.7101865136298422, 0.7122302158273381, 0.7118155619596542, 0.7118155619596542, 0.7113997113997114, 0.7124277456647399, 0.7130434782608696, 0.7142857142857143, 0.7149122807017544, 0.7151248164464024, 0.7161764705882353, 0.7174556213017751, 0.7185185185185186, 0.7181008902077152, 0.7219730941704036, 0.7219730941704036, 0.722473604826546, 0.7223065250379362, 0.7225609756097561, 0.7239263803680982, 0.7253086419753086, 0.7286821705426356, 0.7293934681181959, 0.7301092043681747, 0.73125, 0.730829420970266, 0.7311320754716981, 0.7334384858044164, 0.7341772151898734, 0.7360890302066773, 0.7368421052631579, 0.7387820512820513, 0.7415185783521809, 0.7418831168831169, 0.7459016393442623, 0.7459016393442623, 0.7483552631578947, 0.7483443708609272, 0.7483443708609272, 0.7479270315091211, 0.7487520798668885, 0.75, 0.7508361204013378, 0.7533557046979866, 0.7542087542087542, 0.7533783783783784, 0.7572156196943973, 0.7585034013605442, 0.7602739726027398, 0.7624784853700516, 0.7620689655172413, 0.7642980935875217, 0.7665505226480837, 0.7692307692307693, 0.7692307692307693, 0.7689594356261023, 0.7678571428571429, 0.7684021543985637, 0.7717391304347826, 0.7718978102189781, 0.7716390423572744, 0.7769516728624535, 0.783427495291902, 0.785171102661597, 0.7854406130268199, 0.7829457364341085, 0.787819253438114, 0.7927565392354124, 0.7942973523421588, 0.797071129707113, 0.8004246284501062, 0.8031319910514542, 0.8089622641509434], "bird": [0.10004001600640255, 1.0, 1.0, 1.0, 1.0, 1.0, 1.0, 1.0, 1.0, 1.0, 1.0, 1.0, 1.0, 1.0, 1.0, 1.0, 1.0, 1.0, 1.0, 1.0, 1.0, 1.0, 1.0, 1.0, 1.0, 1.0, 1.0, 1.0, 1.0, 1.0, 1.0, 1.0, 1.0, 1.0, 1.0, 1.0, 1.0, 1.0, 1.0, 1.0, 1.0, 1.0, 1.0, 1.0, 1.0, 1.0, 1.0, 1.0, 1.0, 1.0, 1.0, 1.0, 1.0, 1.0, 1.0, 1.0, 1.0, 1.0, 1.0, 1.0, 1.0, 1.0, 1.0, 1.0, 1.0, 1.0, 1.0, 1.0, 1.0, 1.0, 1.0, 1.0, 1.0, 1.0, 1.0, 1.0, 1.0, 1.0, 1.0, 1.0, 1.0, 1.0, 1.0, 1.0, 1.0, 1.0, 1.0, 1.0, 1.0, 1.0, 1.0, 1.0, 1.0, 1.0, 1.0, 1.0, 1.0, 1.0, 1.0, 1.0], "cat": [0.1000100010001, 0.28028326500186357, 0.2899718082964156, 0.2975136957437842, 0.3, 0.302158273381295, 0.30840258541089566, 0.31182289213377296, 0.3129479216435738, 0.3150485436893204, 0.31685615422639646, 0.3199799699549324, 0.3226626016260163, 0.3247555326814205, 0.32690302398331594, 0.32824829037348763, 0.3303191489361702, 0.33279656468062263, 0.33460076045627374, 0.3358904109589041, 0.33719646799117, 0.3392956959195081, 0.3404977375565611, 0.3418949771689498, 0.3431034482758621, 0.3441108545034642, 0.3453488372093023, 0.34640140433001754, 0.3479031305375074, 0.3494047619047619, 0.35057125676488277, 0.35208711433756806, 0.35322777101096225, 0.3536957849725107, 0.353949785670545, 0.3541024059222702, 0.35487880671224364, 0.3560274828232355, 0.35647279549718575, 0.3572778827977316, 0.3570520965692503, 0.3591549295774648, 0.3606451612903226, 0.36369551073519846, 0.36470588235294116, 0.36578947368421055, 0.3669542136695421, 0.3675783855903936, 0.3673606447280054, 0.3689189189189189, 0.36963921034717495, 0.3721727210418095, 0.3727524204702628, 0.37343532684283726, 0.37508747375787266, 0.376140350877193, 0.3768525052928723, 0.37828246983676367, 0.3802008608321377, 0.3793352601156069, 0.38147337709700946, 0.38291605301914583, 0.3835311572700297, 0.38398203592814373, 0.3855421686746988, 0.38636363636363635, 0.38697318007662834, 0.38764478764478766, 0.3894080996884735, 0.3904163393558523, 0.3909595559080095, 0.39074960127591707, 0.3935483870967742, 0.3933224755700326, 0.3942622950819672, 0.39619520264681557, 0.3964794635373009, 0.3994910941475827, 0.40017064846416384, 0.4043290043290043, 0.40575916230366493, 0.40583554376657827, 0.40625, 0.4076086956521739, 0.40955004591368227, 0.4130232558139535, 0.41650853889943074, 0.41938579654510555, 0.42130987292277616, 0.41541541541541543, 0.4150559511698881, 0.41735537190082644, 0.41914893617021276, 0.42668136714443217, 0.4335981838819523, 0.43838862559241704, 0.4431960049937578, 0.4474393530997305, 0.4485842026825633, 0.46221441124780316],